username,email,age
tarek,tarek61@yahoo.com,44
doaa,doaa39@iti.gov.eg,57
mohamed,mohamed81@,41
ahmed,ahmed90@iti.gov.eg,21
rana,rana66@yahoo.com,50
fatma,fatma25@yahoo.com,30
naglaa,naglaa33@example.org,57
zeinab,zeinab16@gmail.com,57
samir,samir34@gmail.com,46
tarek,tarek80@yahoo.com,29
tarek,tarek39@iti.gov.eg,55
tarek,tarek58@yahoo.com,35
sara,sara79@example.org,58
ali,ali50@hotmail.com,37
lamyaa,lamyaa16yahoo@.com,37
mariam,mariam59@iti.gov.eg,43
saeed,saeed90iti@eg,55
sara,sara42@hotmail.com,55
ali,ali3@hotmail.com,60
saeed,"saeed79@hotmail,com",46
samir,samir2@hotmail.com,36
youssef,youssef51@outlook.com,41
doaa,doaa33@outlook.com,35
lamyaa,lamyaa89@gmail.com,55
doaa,doaa95@hotmail.com,32
rana,rana31@gmail.com,47
hend,hend69@yahoo.com,42
zeinab,zeinab55@,45
lamyaa,lamyaa72@yahoo.com,37
doaa,doaa42@gmail.com,30
rana,rana66iti@eg,37
saeed,saeed76@outlook.com,33
omar,omar31@example.org,19
khaled,khaled21@hotmail.com,42
omar,omar82@example.org,24
khaled,khaled38@gmail.com,26
saeed,saeed45@example.org,19
lamyaa,lamyaa56@iti.gov.eg,34
ali,ali37@yahoo.com,27
doaa,doaa52@yahoo.com,36
saeed,saeed1@iti.gov.eg,20
khaled,khaled7@iti.gov.eg,43
tarek,tarek55@gmail.com,52
tarek,tarek97@iti.gov.eg,45
doaa,doaa64@example.org,48
hend,hend42@iti.gov.eg,22
mariam,mariam13@,57
naglaa,naglaa3@gmail,52
sara,"sara75@hotmail,com",29
sara,sara52@gmail.com,46
youssef,youssef71@yahoo.com,24
sara,sara76@yahoo.com,46
omar,omar15@gmail.com,28
sara,sara87@yahoo.com,55
doaa,doaa98@gmail.com,55
mariam,mariam51@yahoo.com,30
ahmed,ahmed44@gmail,39
doaa,doaa9@example.org,47
saeed,saeed98@outlook.com,23
lamyaa,lamyaa90@outlook.com,27
naglaa,naglaa46@outlook.com,57
omar,omar3@outlook.com,24
mariam,mariam38@example.org,44
doaa,doaa70@yahoo.com,46
mariam,mariam15@example.org,22
zeinab,zeinab92@outlook.com,35
hend,hend86@outlook.com,24
ali,ali29@hotmail.com,50
youssef,youssef5@iti.gov.eg,32
mariam,mariam12@example.org,45
youssef,youssef73yahoo@.com,38
ahmed,ahmed28@gmail,42
khaled,khaled95@hotmail.com,40
omar,omar34@gmail,38
salma,salma51@outlook.com,21
hend,hend76@gmail.com,37
mariam,mariam60yahoo@.com,31
samir,samir32@yahoo.com,31
khaled,khaled26@gmail,48
mohamed,mohamed78@outlook.com,32
ahmed,"ahmed83@hotmail,com",58
abdallah,abdallah58@outlook.com,57
fatma,fatma11@yahoo.com,27
rana,rana2@outlook.com,35
tarek,tarek13@iti.gov.eg,57
tarek,tarek94@example.org,33
mariam,mariam23@iti.gov.eg,46
youssef,youssef15@outlook.com,18
ahmed,ahmed48iti@eg,44
naglaa,naglaa20@example.org,26
lamyaa,lamyaa70@yahoo.com,20
sara,sara81@hotmail.com,45
lamyaa,lamyaa10@iti.gov.eg,30
ahmed,ahmed72@outlook.com,51
mohamed,mohamed73@gmail.com,48
naglaa,naglaa64@outlook.com,28
naglaa,naglaa98@iti.gov.eg,56
samir,samir74@yahoo.com,21
naglaa,naglaa8yahoo@.com,21
ahmed,ahmed89@gmail,37
